{
	"quadcount": 4,

	"movement": "none",
	
	"animationtype": "frames",
	"animationframes": 4,
	"animationstart": 1,
	"animationspeed": 0.2,
	
	"transforms": true,
	"transformtrigger": ["animation", "animation", "animation", "animation"],
	"transformanimation": ["leftrelease", "uppress", "rightpress", "downpress"],
	"transformsinto": ["mapmario", "mapmarioup", "mapmarioright", "mapmariodown"],

	"speedx": -5,
	"speedy": 0,
	
	"nospritesets": true,
	
	"quadno": 1,
	
	"width": 0.625,
	"height":0.625,
	
	"static": false,
	"active": true,
	
	"category": 5,
	
	"mask": [	true, 
				false, false, true, true, true,
				false, true, false, true, false,
				false, true, false, false, false,
				true, true, false, false, true,
				false, true, true, false, false,
				true, false, true, true, true],
					
					
	"gravity": 0,
	
	"emancipatecheck": true,
	"autodelete": true,
	"KillsEnemiesAfterPortal": true,
	
	"offsetX": 5,
	"offsetY": 3,
	"quadcenterX": 8,
	"quadcenterY": 8,
	"hidden": true
}