{
	"quadcount": 4,

        "movement": "homing",
	"homingrotation": 0,
	"homingturnspeed": 15.0,
	"homingspeed": 15.0,
	"rotationishomingrotation": false,
	"onlyMoveWhenHomingRotationAtPlayer": true,
	"onlyMoveWhenHomingRotationAtPlayerThreshold": 0,

        "resistsEverything": true,

        "kills": true, 
	
        "animationtype": "frames",
	"animationframes": 4,
	"animationstart": 1,
	"animationspeed": 0.1,

	"nocollidestops": false,

	"speedy": -4,
	"speedx": -4,

	"nospritesets": true,

	"offsetX": 6,
	"offsetY": 2,
	"quadcenterX": 8,
	"quadcenterY": 8,

	"width": 0,
	"height": 0,
	"static": false,
	"active": true,


        "spawnsenemy": "deathstarparticle",
	"spawnenemydelays":[0.1],
        "spawnenemyspeedxrandomstart": 1,
	"spawnenemyspeedxrandomend": 0,
	"spawnenemyspeedyrandomstart": 5.75,
	"spawnenemyspeedyrandomend": 0,
	"spawnenemyoffsety": 0,

	"lifetime": 12,

	"catagory": 1,
	"mask": [true,
			true, true, true, true, true,
			true, true, true, true, true,
			true, true, true, true, true,
			true, true, true, true, true,
			true, true, true, true, true,
			true, true, true, true, true, true, true],
				
	"gravity": 0,
	"emancipatecheck": false,
	"autodelete": true,

	"transforms": true,
	"transformsinto": "poisonmushroom",
	"transformtrigger": "lifetime",
}