{
	"quadcount": 1,
	"nospritesets": true,
	

	"animationtype": "none",

	"kills": true,

	"movement": "none",
	"friction": 40,
	
	"spawnsound": "explosion",
	
	"notkilledfromblocksbelow": true,

	"gravity": 0,
	
	"quadno": 1,
	
	"width": 1,
	"height": 2,
	
	"static": false,
	"active": true,
	
	"category": 4,
	
	"mask": [	false, 
				false, false, true, true, true,
				true, true, true, true, true,
				true, true, true, true, true,
				true, true, true, true, true,
				true, true, true, true, true,
				true, true, true, true, true],
	
	"resistseverything": true,
					
	"emancipatecheck": true,
	"autodelete": true,
	
	"drawback": true,
	
	"offsetX": 8,
	"offsetY": -8,
	"quadcenterX": 8,
	"quadcenterY": 16,

}