{
	"quadcount": 3,
	"nospritesets": true,
	
	"spawnoffsety": 5,

	"animationtype": "frames",
	"animationspeed": 0.1,
	"animationstart": 1,
	"animationframes": 3,
	"customscale": 10,

	"kills": true,

	"movement": "none",
	"friction": 40,
	
	"spawnsound": "explosion",
	
	"notkilledfromblocksbelow": true,

	"gravity": 0,
	
	"quadno": 1,
	
	"width": 10,
	"height": 10,
	
	"static": false,
	"active": true,
	
	"category": 4,
	
	"mask": [	false, 
				false, false, true, true, true,
				true, true, true, true, true,
				true, true, true, true, true,
				true, true, true, true, true,
				true, true, true, true, true,
				true, true, true, true, true],
	
	"resistseverything": true,
					
	"emancipatecheck": true,
	"autodelete": true,
	
	"lifetime": 1.5,
	
	"offsetX": 80,
	"offsetY": -80,
	"quadcenterX": 8,
	"quadcenterY": 8,

}