{
	"quadcount": 1,
	

	"movement": "none",
	"killsontop": true,
	"killsonsides": true,
	"killsonbottom": true,
	
	"stompable": true,
	"stompcombosuppressor": true,
	
	"speedy": -8,
	"killsenemiesafterportal": true,
	
	"width": 0.5,
	"height": 1,
	
	"static": false,
	"active": true,
	
	"gravity": 0,
	
	"category": 4,
	"mask": [	true, 
				true, false, true, true, true,
				true, true, true, true, true,
				true, true, true, true, true,
				true, true, true, true, true,
				true, true, true, true, true,
				true, true, true, true, true,
				true],
				
	
	"emancipatecheck": true,
	"autodelete": true,
	"dontspawnnearcheckpoint": true,
	
	"offsetX": 4,
	"offsetY": 1,
	"quadcenterX": 8,
	"quadcenterY": 8,
	
	"customscissor": [0, 0, 1, 1],
	"invertedscissor": true,
	
	"spawnsound": "bulletbill",
	"doesntunrotate": true,
	
	"ignorefaithplates": true,
	"ignoreplatform": true
}