{
	"quadcount": 1,
	
	"animationtype": "mirror",
	"animationspeed": 0.2,
	
	"shotframe": 3,
	"nospritesets": true,

	"breaksblocks":true,
	"breakshardblocks":true,
	"breakblockSide":"global",
	"nohitsound": true,
	
	"light": 6,
	
	"description": "onion leaks now or else",
	
	"movement": "chase",
	"chasespeed": 8,
	"chaseacceleration": 20,
	"chasespace": 2,
	"chasebounceforcey": 16,
	"chasebounceforcex": 16,
		
	"showicononeditor": true,
	
	"dontmirror": false,
	"hollow": true,
	
	"kills": true,

	"freezable": false,

	"killsinsideclearpipes": true,
	"notkilledfromblocksbelow": true,
	"jumpsfromblocksbelow": true,
	"breaksflipblocks": true,
	
	"width": 4,
	"height": 4,
	
	"static": false,
	"active": true,
	
	"category": 4,
	
"mask": [    false, 
             false, false, true, true, true,
             false, false, false, false, true,
             false, false, false, false, true,
             false, true, false, true, true,
             false, true, true, true, false,
             true, false, true, true, true,
             false, true],
					
	
	"emancipatecheck": false,
	"autodelete": false,
	
	"offsetX": 48,
	"offsetY": -32,
	"quadcenterX": 48,
	"quadcenterY": 48,

}