{
	"quadcount": 1,

	"movement": "truffleshuffle",
	"killsenemies": true,
	"killsonsides": true,
	"killsonbottom": true,

	"stompable": true,

	"platform": true,
	
	"animationtype": "none",

	"rollanimation": true,
	
	"stompanimation": true,
	"stompanimationtime": 0.5,
	"stompedframe": 1,
	
	
	"quadno": 1,
	
	"width": 0.2,
	"height": 0.2,
	
	"static": false,
	"active": true,
	
	"category": 4,
	

	"mask": [	true, 
				false, true, false, false, true,
				false, true, false, true, false,
				false, false, false, false, false,
				true, true, false, false, false,
				false, true, true, false, false,
				true, false, true, true, true,
				false],
	
	"emancipatecheck": true,
	"autodelete": true,
	"dontspawnnearcheckpoint": true,

	"truffleshuffleacceleration": 16,
	"truffleshufflespeed": 4,

	
	"offsetX": 1,
	"offsetY": 6,
	"quadcenterX": 2,
	"quadcenterY": 2,


}