{
	"quadcount": 3,

	"movement": "none",
	"stompable": true,
	"killsonsides": true,
	"killsonbottom": true,
	
	"animationtype": "frames",
	"animationspeed": 1,
	"animationstart": 1,
	"animationframes": 2,

	"rollanimation": true,

	"resistsspikes": true,
	
	"stompanimation": true,
	"stompanimationtime": 0.5,
	"stompedframe": 3,
	
	
	"quadno": 1,
	
	"width": 0.75,
	"height": 0.75,
	
	"static": false,
	"active": true,
	
	"category": 4,
	

	"mask": [	true, 
				false, false, false, false, false,
				false, true, false, true, false,
				false, false, false, false, false,
				true, true, false, false, false,
				false, true, true, false, false,
				true, false, true, true, true,
				false],
	
	"emancipatecheck": true,
	"autodelete": true,
	"dontspawnnearcheckpoint": true,
	
	"offsetX": 6,
	"offsetY": 3,
	"quadcenterX": 8,
	"quadcenterY": 8,

	"transforms": true,
	"transformsinto": "onion",
	"transformtrigger": "playernear",
	"playerneardist": [-0.3, -0.6, 1.5, 1.5],

}