{
	"quadcount": 1,

	"movement": "truffleshuffle",
	"killsenemies": true,
	"killsonsides": true,
	"killsonbottom": true,

	"stompable": true,

	"platform": true,
	
	"animationtype": "none",

	"rollanimation": true,
	
	"stompanimation": true,
	"stompanimationtime": 0.5,
	"stompedframe": 1,
	
	
	"quadno": 1,
	
	"width": 0.75,
	"height": 0.75,
	
	"static": false,
	"active": true,
	
	"category": 4,
	

	"mask": [	true, 
				false, false, false, false, true,
				false, true, false, true, false,
				false, false, false, false, false,
				true, true, false, false, false,
				false, true, true, false, false,
				true, false, true, true, true,
				false],
	
	"emancipatecheck": true,
	"autodelete": true,
	"dontspawnnearcheckpoint": true,

	"truffleshuffleacceleration": 16,
	"truffleshufflespeed": 4,

	
	"offsetX": 6,
	"offsetY": 3,
	"quadcenterX": 8,
	"quadcenterY": 8,

	"transforms": true,
	"transformsinto": "miniroll",
	"transformtrigger": "death",


}