{
	"quadcount": 3,

	"animationtype": "frames",
	"animationframes": 2,
	"animationstart": 1,
	"animationspeed": 0.2,
	
	"shellanimal": true,
	"smallmovement": "shell",
	"smallspeed": 12,
	
	"resistsfire": true,
	
	"stompable": true,
	"killsonsides": true,
	"killsonbottom": true,
	
	"wakesup": true,
	"wiggletime": 1,
	"resettime": 5.2,
	"wiggledelay": 0.1,
	
	"emancipatecheck": true,
	"movement": "truffleshuffle",
	"truffleshufflespeed": 2,
	"truffleshuffleacceleration": 8,
	
	"width": 0.75,
	"height": 0.75,
	"static": false,
	"active": true,
	"category": 5,
	
	"mask": [	true, 
				false, false, false, false, true,
				false, true, false, true, false,
				false, false, true, false, false,
				true, true, false, false, true,
				false, true, true, false, false,
				true, false, true, true, true,
				false],
				
	"autodelete": true,
	"dontspawnnearcheckpoint": true,
	"smallquad": 3,
	
	"offsetx": 6,
	"offsety": 0,
	"quadcenterX": 8,
	"quadcenterY": 19
}