{
	"quadcount": 1,

	"movement": "truffleshuffle",
	
	"kills": true,
	"removeonmariocontact": true,
	"dontmirror": true,
	
	"speedx": 3.6,
	"truffleshufflespeed": 3.6,
	"truffleshuffleacceleration": 8,
	
	"notkilledfromblocksbelow": true,
	"jumpsfromblocksbelow": true,
	
	"quadno": 1,
	
	"width": 0.75,
	"height": 0.75,
	
	"static": false,
	"active": true,
	
	"category": 6,
	
	"mask": [	true,
				false, false, true, true, true,
				false, true, false, true, true,
				false, true, true, false, true,
				true, true, false, true, true,
				false, true, true, false, false,
				true, false, true, true, true,
				false],
					
	
	"emancipatecheck": true,
	"autodelete": true,
	"resistsspikes": true,
	
	"offsetX": 6,
	"offsetY": 3,
	"quadcenterX": 8,
	"quadcenterY": 8,

	"light": 1
}