{
	"trackable": false,

	"spawnsound": "jumpsound",

	"hidden": true,
	
	"transforms": true,
	"transformsinto": ["nothing"],
	"transformtrigger": ["animation"],
	"transformanimation": ["startlanding"],

	"quadcount": 1,
	"animationtype": "none",

	"width": 0.75,
	"height": 0.75,

	"sticktonearestplayer": true,
	"active": true,

	"category": 1,

	"resistseverything": true,
	"nocollidestops": true,
	"gravity": 0,
	"offsetx": 8,
	"offsety": 0,
	"quadcenterx": 8,
	"quadcentery": 8,

}