{
	"hidden":true,

	"quadcount": 4,
	
	"spawnoffsetx": 0.6,

	"movement": "none",

	"animationtype": "frames",
	"animationspeed": 0.1,
	"animationstart": 1,
	"animationframes": 4,
	"rollanimation": true,

	"width": 0.75,
	"height": 0.75,
 
	"static": false,
	"active": true,
 
 	"category": 1,
        "gravity": 0,
        "lifetime": 0.4, 
	
	"mask": [	false, 
				false, false, false, false, true,
				false, true, false, true, false,
				false, false, false, false, false,
				false, false, false, false, false,
				false, false, false, false, false,
				false, false, false, false, false],
 
 
	"emancipatecheck": true,
	"autodelete": true,
	"ignorefaithplates": true,
 
	"offsetX": 0,
	"offsetY": 0,
	"quadcenterX": -2,
	"quadcenterY": 4.5,
 
	"nospritesets": true
}