{
	"quadcount": 1,
	"nospritesets": true,

	"animationtype": "frames",
	"animationframes": 1,
	"animationstart": 1,
	"animationspeed": 0.15,

	"carryable": true,
	"carryrange": [0, 0.5, 1, 0.5],

	"transforms": true,
	"transformtrigger": "carry",
	"transformsinto": "turnip",

	"width": 1,
	"height": 1,

	"static": true,
	"active": true,

	"category":1,
	"resistseverything":true,
	"spawnonload":true,

	"drawback": true,

	"offsetX": 8,
	"offsetY": 0,
	"quadcenterX": 8,
	"quadcenterY": 8,

	"supersize": true,
	"supersizeproperties": {
	"customscale": 3,
	"width": 3,
	"height": 3,
}
}