{
	"quadcount": 1,
	"nospritesets": true,
	"hidden":true,

	"carryable": true,
	"carryrange": [0, -0.5, 0.75, 0.5],
	"activeonthrow": true,
	"thrownbounce": 0.7,
	"throwncombo": true,
	"thrownspeedx": 7,
	"thrownspeedy": -15,
	"throwncombospeedx": 7,
	"throwncombospeedy": -15,
	"nocollidestops":true,
	"thrownignorecarryspeed": false,
	"-noplayercollisiononthrow": true,
	
	"truffleshufflespeed": 2,
	"truffleshuffleacceleration": 8,


	"rollanimation": true,

	"watergravity": 0.05,
	"waterdamping": 0.05,
	
	"quadno": 1,
	
	"width": 0.75,
	"height": 0.75,
	
	"static": false,
	"active": true,

	"category": 13,
	"mask": [	true, 
			false, false, false, false, true,
			true, true, true, true, false,
			true, false, true, true, true,
			true, true, true, false, false,
			false, true, false, true, true,
			false, false],
	"emancipatecheck": true,
	"autodelete": true,
	"resistseverything":true,
	"-dontstopmario":true,
	
	"offsetX": 6,
	"offsetY": 3,
	"quadcenterX": 8,
	"quadcenterY": 8,

	"supersize": true,
	"supersizeproperties": {
	"shakesground": true,
	"nocollidestops":false,
}
}
