{
	"quadcount": 2,
	
	"animationtype": "frames",
	"animationframes": 2,
	"animationstart": 1,
	"animationspeed": 0.125,

        "notKilledFromBlocksBelow": true,

        "drawback": true,

        "gravity": 10,

        "platform": true,
        "platformchecktable": ["player"],

        "carryable": true,
        "carryrange": [-0.2, -0.2, 1.15, 1.15],
        "activeonthrow": true,
        "thrownbounce": 0.4,
	"thrownspeedX": 10,
	"thrownSpeedY": -10,
	"throwntime": 0.5,

        "quadno": 1,

	"width": 1,
	"height": 1,
	 
	"offsetX": 8,
	"offsetY": 0,
	"quadcenterX": 8,
	"quadcenterY": 8,
 
	"static": false,
	"active": true,
        "friction": true,

 	"emancipatecheck": false,
        "spawnonload": true,
	"autodelete": false,

	"catagory": 1,
	"mask": [true,
			true, false, true, true, true,
			true, true, true, true, true,
			true, true, true, true, true,
			true, true, true, true, true,
			true, true, true, true, true,
			true, true, true, true, true],
	
	"removeonmariocontact": true,
	"givecoinondeath": 2,
        "dontStopMario": true,
	"deathsound": "coin"
}