{
	"quadcount": 5,
	
	"animationtype": "character",
	"animationframes": 5,
	"animationstart": 1,
	"idleframes": 1,
	"runframes": 3,
	"jumpframes": 1,
	"fallframes": 0,
	"noSpriteSets": true,
	"runanimationspeed": 0.035,

	"nohitsound": true,
	"light": 3.5,
	
	"description": "Mario... ..Himself",
    	"supersize": true,
	
	"movement": "chase",
	"chasespeed": 9,
	"chaseacceleration": 12,
	"chasespace": 1.5,
	"chasebounceforcey": 29,
	"chasebounceforcex": 0,
		
	"showicononeditor": true,
	
	"dontmirror": false,
	"hollow": true,
	
	"kills": false,
	"removeonmariocontact": false,
	"stompable":false,
	"ignoreplatform": true,

	"shotHealth": 999999,
	"health": 999999,
	"freezable": true,
	"laserResistant": true,
	"resistsfire": false,
	"resistsstar": true,
	"resistsspikes": true,	
	"resistsyoshitongue": true,	
	"resistspowblock": true,	

	"killsinsideclearpipes": true,
	"notkilledfromblocksbelow": true,
	"jumpsfromblocksbelow": true,
	
	"width": 0.8,
	"height": 1.5,
	
	"static": false,
	"active": true,
	
	"category": 4,
	
	"mask": [    false, 
             false, true, true, true, true,
             false, false, false, false, true,
             false, false, false, false, true,
             false, true, false, true, true,
             false, true, true, true, false,
             true, false, true, true, true,
             false, true],
					
	
	"emancipatecheck": true,
	"autodelete": false,
	
	"offsetX": 5.5,
	"offsetY": 11.5,
	"quadcenterX": 6.8,
	"quadcenterY": 3.2,
}