{
	"quadcount": 5,
	
	"animationtype": "character",
	"animationframes": 5,
	"animationstart": 1,
	"idleframes": 1,
	"runframes": 3,
	"jumpframes": 1,
	"fallframes": 0,
	"noSpriteSets": true,
	"runanimationspeed": 0.05,

	"breaksBlocks":true,
	"breakshardblocks":true,
	"breakBlockSide":"global",
	
	"spawnsound": "MX",
	"nohitsound": true,
	"light": 4,
	
	"description": "big guy lookin for a friend",
    	"supersize": true,
	
	"movement": "chase",
	"chasespeed": 9.8,
	"chaseacceleration": 9.8,
	"chasespace": 2,
	"chasebounceforcey": 32,
	"chasebounceforcex": -9,
		
	"showicononeditor": true,
	
	"dontmirror": false,
	"hollow": true,
	
	"kills": true,
	"removeonmariocontact": false,
	"stompable":false,
	"ignoreplatform": true,

	"shotHealth": 999999,
	"health": 999999,
	"freezable": true,
	"laserResistant": true,
	"resistsfire": false,
	"resistsstar": true,
	"resistsspikes": true,	
	"resistsyoshitongue": true,	
	"resistspowblock": true,	

	"killsinsideclearpipes": true,
	"notkilledfromblocksbelow": true,
	"jumpsfromblocksbelow": true,
	"breaksflipblocks": true,
	
	"width": 2,
	"height": 3.2,
	
	"static": false,
	"active": true,
	
	"category": 4,
	
"mask": [    false, 
             false, false, true, true, true,
             false, false, false, false, true,
             false, false, false, false, true,
             false, true, false, true, true,
             false, true, true, true, false,
             true, false, true, true, true,
             false, true],
					
	
	"emancipatecheck": true,
	"autodelete": false,
	
	"offsetX": 14.6,
	"offsetY": 14.8,
	"quadcenterX": 24,
	"quadcenterY": 4.8,
}