{
	"quadcount": 5,
	
	"animationtype": "character",
	"animationframes": 5,
	"animationstart": 1,
	"idleframes": 1,
	"runframes": 3,
	"jumpframes": 1,
	"fallframes": 0,
	"noSpriteSets": true,
	"runanimationspeed": 0.035,

	"transforms": true,
	"transformsinto": "pipecrawlerstun",
	"transformtrigger": "stomp",

	"nohitsound": true,
	"light": 3.5,
	

	"breaksBlocks":true,
	"breakshardblocks":true,
	"breakBlockSide":"global",
	
	"spawnsound": "PipeCrawler",
	"description": "is it Pipe Crawler or Fake Fighter??",
	"supersize": true,
	
	"movement": "chase",
	"chasespeed": 12.3,
	"chaseacceleration": 12.3,
	"chasespace": 0.7,
	"chasebounceforcey": 35,
	"chasebounceforcex": -9,

	"showicononeditor": true,
	
	"dontmirror": false,
	"hollow": true,
	
	"kills": true,
	"removeonmariocontact": false,
	"stompable":true,
	"ignoreplatform": true,

	"jumponlyupdistfrombottom": -15,

	"shothealth": 999999,
	"freezable": true,
	"laserResistant": true,
	"resistsfire": false,
	"resistsstar": true,
	"resistsspikes": true,	
	"resistsyoshitongue": true,	
	"resistspowblock": true,	

	"killsinsideclearpipes": true,
	"notkilledfromblocksbelow": true,
	"jumpsfromblocksbelow": true,
	
	"width": 1,
	"height": 2,
	
	"static": false,
	"active": true,
	
	"category": 4,
	
"mask": [    false, 
             false, false, true, true, true,
             false, false, false, false, true,
             false, false, false, false, true,
             false, true, false, true, true,
             false, true, true, true, false,
             true, false, true, true, true,
             false, true],
					
	
	"emancipatecheck": true,
	"autodelete": false,
	
	"offsetX": 7,
	"offsetY": 7,
	"quadcenterX": 16,
	"quadcenterY": 7,
}