{
	"quadcount": 2,

	"nospritesets": true,

	"movement": "flyvertical",
	"flyingtime": 1.5,
	"flyingdistance": -0.5,
	"speedx": -2.8,
	
	"lifetime": 1.7,
	"transforms": true,
	"transformsinto": "PipeCrawlerNoSound",
	"transformtrigger": "lifetime",
 
	"animationtype": "frames",
	"animationframes": 2,
	"animationstart": 1,
	"animationspeed": 0.03,
	
	"stompbounce": true,
	"hidden": true,
	
	"quadno": 1,	
	
	"width": 1,
	"height": 2,
	
	"static": false,
	"active": false,
	"supersize": true,
	
	"category": 4,
	
	"mask": [	true, 
				false, false, false, false, true,
				false, true, false, true, false,
				false, false, false, false, false,
				true, true, false, false, false,
				false, true, true, false, false,
				true, false, true, true, true,
				false],
	
	"emancipatecheck": true,
	"autodelete": false,
	"dontspawnnearcheckpoint": false,
	
	"offsetX": 25,
	"offsetY": -25,
	"quadcenterX": 35,
	"quadcenterY": 35,
}